{
    "metrics": {
        "acc": 0.12125,
        "ari": 0.0002544883083908641,
        "nmi": 0.29627233860169805,
        "silhouette": 0.20752087235450745,
        "clusters": [
            37,
            12,
            27,
            41,
            10,
            38,
            29,
            13,
            13,
            23,
            47,
            15,
            25,
            44,
            26,
            6,
            47,
            20,
            31,
            42,
            9,
            23,
            31,
            37,
            37,
            37,
            25,
            35,
            21,
            47,
            35,
            0,
            42,
            44,
            41,
            35,
            9,
            0,
            44,
            39,
            31,
            10,
            23,
            37,
            10,
            28,
            25,
            44,
            29,
            0,
            0,
            38,
            41,
            31,
            27,
            41,
            24,
            12,
            29,
            35,
            23,
            0,
            18,
            23,
            5,
            42,
            12,
            3,
            19,
            28,
            19,
            25,
            48,
            7,
            42,
            42,
            41,
            12,
            23,
            27,
            25,
            31,
            27,
            23,
            27,
            24,
            12,
            42,
            45,
            48,
            33,
            21,
            15,
            25,
            24,
            41,
            29,
            24,
            48,
            10,
            29,
            27,
            41,
            32,
            31,
            33,
            8,
            41,
            31,
            36,
            12,
            41,
            19,
            43,
            25,
            30,
            14,
            29,
            46,
            1,
            33,
            48,
            45,
            26,
            17,
            46,
            13,
            7,
            34,
            48,
            48,
            39,
            18,
            48,
            44,
            15,
            44,
            0,
            29,
            28,
            7,
            18,
            48,
            38,
            38,
            39,
            30,
            23,
            39,
            45,
            33,
            24,
            27,
            47,
            39,
            43,
            42,
            35,
            12,
            4,
            14,
            7,
            27,
            19,
            44,
            0,
            42,
            10,
            26,
            47,
            18,
            0,
            12,
            31,
            9,
            34,
            9,
            12,
            10,
            10,
            40,
            17,
            9,
            45,
            34,
            29,
            43,
            29,
            47,
            27,
            29,
            37,
            42,
            22,
            41,
            37,
            42,
            29,
            45,
            17,
            47,
            33,
            7,
            48,
            31,
            21,
            14,
            18,
            22,
            41,
            0,
            39,
            29,
            5,
            40,
            35,
            14,
            33,
            8,
            42,
            10,
            10,
            0,
            47,
            43,
            16,
            17,
            34,
            12,
            0,
            31,
            42,
            32,
            1,
            15,
            38,
            39,
            11,
            26,
            14,
            10,
            27,
            16,
            0,
            13,
            19,
            22,
            47,
            35,
            42,
            23,
            15,
            38,
            13,
            2,
            22,
            30,
            16,
            12,
            0,
            3,
            12,
            26,
            30,
            23,
            35,
            28,
            13,
            20,
            24,
            7,
            20,
            48,
            45,
            20,
            48,
            43,
            23,
            44,
            6,
            21,
            12,
            9,
            8,
            12,
            9,
            26,
            26,
            21,
            29,
            29,
            45,
            27,
            18,
            35,
            0,
            41,
            46,
            29,
            43,
            44,
            10,
            16,
            23,
            27,
            10,
            41,
            10,
            15,
            12,
            29,
            25,
            39,
            10,
            7,
            39,
            8,
            34,
            45,
            42,
            15,
            14,
            30,
            15,
            44,
            44,
            37,
            29,
            23,
            42,
            39,
            25,
            27,
            35,
            47,
            41,
            28,
            38,
            38,
            17,
            44,
            33,
            39,
            30,
            43,
            27,
            44,
            44,
            10,
            41,
            27,
            21,
            16,
            15,
            26,
            7,
            29,
            3,
            42,
            31,
            45,
            31,
            0,
            33,
            12,
            20,
            48,
            39,
            38,
            42,
            0,
            21,
            24,
            11,
            0,
            2,
            29,
            48,
            21,
            48,
            5,
            34,
            41,
            43,
            43,
            43,
            43,
            35,
            15,
            33,
            43,
            37,
            35,
            12,
            5,
            17,
            43,
            28,
            6,
            4,
            44,
            43,
            29,
            37,
            18,
            47,
            41,
            42,
            27,
            41,
            12,
            12,
            47,
            10,
            25,
            37,
            34,
            38,
            7,
            12,
            12,
            33,
            37,
            15,
            27,
            43,
            26,
            15,
            42,
            16,
            44,
            46,
            34,
            7,
            26,
            0,
            45,
            15,
            10,
            4,
            29,
            12,
            3,
            41,
            30,
            2,
            16,
            28,
            28,
            12,
            42,
            45,
            29,
            38,
            0,
            44,
            21,
            42,
            24,
            28,
            39,
            17,
            10,
            37,
            11,
            24,
            46,
            23,
            27,
            12,
            26,
            48,
            43,
            14,
            38,
            44,
            13,
            23,
            47,
            23,
            21,
            5,
            31,
            42,
            18,
            1,
            44,
            29,
            27,
            9,
            29,
            29,
