{
    "metrics": {
        "acc": 0.115,
        "ari": -0.0011543302764967403,
        "nmi": 0.29503815380736015,
        "silhouette": 0.19011157751083374,
        "clusters": [
            23,
            26,
            45,
            11,
            43,
            47,
            0,
            25,
            30,
            22,
            18,
            27,
            8,
            47,
            27,
            37,
            3,
            4,
            20,
            30,
            21,
            33,
            45,
            23,
            47,
            9,
            28,
            17,
            40,
            8,
            24,
            15,
            9,
            22,
            23,
            41,
            46,
            21,
            3,
            46,
            27,
            5,
            22,
            27,
            0,
            43,
            31,
            47,
            13,
            42,
            28,
            0,
            31,
            21,
            45,
            20,
            34,
            16,
            10,
            12,
            34,
            12,
            20,
            22,
            25,
            16,
            29,
            26,
            11,
            6,
            31,
            35,
            20,
            2,
            44,
            4,
            12,
            26,
            13,
            2,
            40,
            45,
            3,
            39,
            21,
            7,
            15,
            43,
            33,
            39,
            2,
            3,
            13,
            28,
            30,
            15,
            1,
            28,
            43,
            22,
            42,
            34,
            1,
            28,
            24,
            19,
            21,
            21,
            43,
            26,
            0,
            22,
            20,
            25,
            12,
            15,
            3,
            45,
            25,
            38,
            37,
            12,
            36,
            8,
            43,
            27,
            21,
            8,
            7,
            18,
            3,
            0,
            5,
            23,
            47,
            9,
            10,
            20,
            26,
            26,
            47,
            21,
            0,
            1,
            26,
            34,
            33,
            23,
            18,
            34,
            41,
            2,
            26,
            44,
            47,
            8,
            34,
            0,
            2,
            7,
            19,
            2,
            3,
            2,
            3,
            36,
            9,
            37,
            16,
            34,
            26,
            2,
            30,
            46,
            1,
            0,
            36,
            10,
            16,
            12,
            1,
            30,
            12,
            31,
            29,
            3,
            42,
            45,
            42,
            39,
            18,
            10,
            10,
            1,
            17,
            15,
            8,
            15,
            15,
            42,
            26,
            8,
            44,
            7,
            31,
            12,
            46,
            8,
            42,
            5,
            16,
            26,
            4,
            33,
            40,
            8,
            44,
            19,
            16,
            0,
            43,
            40,
            10,
            46,
            20,
            43,
            7,
            7,
            26,
            29,
            23,
            47,
            41,
            12,
            8,
            46,
            8,
            45,
            2,
            1,
            35,
            17,
            25,
            8,
            1,
            47,
            20,
            8,
            42,
            39,
            10,
            26,
            44,
            28,
            35,
            45,
            36,
            11,
            15,
            28,
            20,
            29,
            3,
            18,
            29,
            7,
            0,
            35,
            15,
            36,
            14,
            19,
            42,
            30,
            30,
            37,
            2,
            15,
            20,
            1,
            19,
            46,
            7,
            19,
            19,
            47,
            32,
            15,
            40,
            40,
            34,
            8,
            40,
            26,
            4,
            7,
            26,
            38,
            28,
            2,
            28,
            25,
            37,
            0,
            10,
            18,
            46,
            1,
            28,
            7,
            26,
            46,
            40,
            0,
            29,
            19,
            30,
            14,
            0,
            33,
            23,
            38,
            36,
            46,
            2,
            41,
            25,
            1,
            1,
            0,
            9,
            0,
            34,
            1,
            31,
            29,
            7,
            43,
            24,
            46,
            19,
            3,
            10,
            3,
            25,
            21,
            40,
            2,
            37,
            42,
            15,
            10,
            43,
            19,
            12,
            43,
            0,
            10,
            12,
            7,
            6,
            45,
            8,
            30,
            33,
            43,
            8,
            45,
            26,
            29,
            33,
            33,
            15,
            35,
            30,
            2,
            13,
            17,
            0,
            28,
            24,
            46,
            37,
            46,
            22,
            6,
            38,
            14,
            27,
            33,
            0,
            36,
            25,
            40,
            46,
            0,
            0,
            45,
            34,
            8,
            43,
            39,
            1,
            8,
            8,
            42,
            20,
            47,
            43,
            34,
            24,
            41,
            15,
            13,
            10,
            15,
            10,
            3,
            30,
            7,
            40,
            6,
            6,
            18,
            45,
            16,
            21,
            36,
            35,
            31,
            3,
            4,
            37,
            19,
            26,
            38,
            28,
            35,
            7,
            37,
            28,
            40,
            23,
            36,
            8,
            42,
            3,
            34,
            26,
            34,
            19,
            10,
            3,
            44,
            20,
            37,
            28,
            34,
            16,
            6,
            22,
            3,
            6,
            27,
            34,
            41,
            34,
            34,
            34,
            22,
            0,
            7,
            8,
            8,
            43,
            25,
            22,
            3,
            33,
            9,
            31,
            37,
            20,
            12,
            34,
            45,
            33,
            17,
            12,
            9,
            34,
            17,
            2,
            3,
            41,
            19,
