{
    "metrics": {
        "acc": 0.12,
        "ari": 0.001503639921583626,
        "nmi": 0.3081776071044088,
        "silhouette": 0.13932044804096222,
        "clusters": [
            1,
            40,
            1,
            6,
            33,
            31,
            27,
            19,
            17,
            41,
            19,
            49,
            48,
            42,
            17,
            40,
            32,
            15,
            41,
            13,
            21,
            13,
            6,
            23,
            10,
            43,
            35,
            49,
            22,
            40,
            11,
            34,
            43,
            49,
            47,
            30,
            39,
            3,
            19,
            0,
            31,
            6,
            31,
            29,
            8,
            17,
            45,
            8,
            23,
            47,
            30,
            40,
            42,
            47,
            22,
            31,
            35,
            13,
            14,
            6,
            31,
            15,
            49,
            28,
            24,
            25,
            8,
            48,
            26,
            30,
            39,
            28,
            6,
            9,
            38,
            11,
            11,
            39,
            11,
            35,
            9,
            17,
            36,
            18,
            26,
            26,
            45,
            12,
            41,
            47,
            34,
            29,
            33,
            28,
            36,
            6,
            31,
            35,
            12,
            17,
            11,
            36,
            1,
            9,
            41,
            22,
            42,
            26,
            36,
            5,
            40,
            18,
            48,
            29,
            41,
            28,
            33,
            35,
            27,
            11,
            9,
            39,
            2,
            31,
            4,
            23,
            8,
            9,
            3,
            25,
            20,
            11,
            38,
            30,
            31,
            43,
            49,
            48,
            34,
            26,
            37,
            17,
            34,
            37,
            10,
            8,
            5,
            9,
            29,
            9,
            10,
            2,
            30,
            30,
            17,
            42,
            41,
            23,
            0,
            35,
            27,
            49,
            35,
            36,
            47,
            19,
            3,
            16,
            39,
            9,
            47,
            4,
            10,
            1,
            24,
            18,
            39,
            27,
            22,
            25,
            25,
            29,
            43,
            35,
            35,
            21,
            9,
            10,
            17,
            1,
            31,
            41,
            29,
            30,
            7,
            17,
            28,
            1,
            3,
            9,
            17,
            26,
            31,
            41,
            19,
            9,
            27,
            37,
            33,
            8,
            11,
            9,
            3,
            24,
            6,
            3,
            15,
            18,
            11,
            47,
            6,
            42,
            36,
            48,
            9,
            1,
            6,
            30,
            17,
            34,
            3,
            21,
            3,
            9,
            30,
            41,
            9,
            1,
            29,
            41,
            35,
            11,
            41,
            11,
            0,
            21,
            43,
            19,
            22,
            8,
            22,
            43,
            39,
            48,
            22,
            13,
            11,
            41,
            17,
            23,
            28,
            40,
            13,
            41,
            1,
            47,
            36,
            43,
            42,
            9,
            42,
            40,
            20,
            9,
            26,
            13,
            16,
            35,
            1,
            17,
            9,
            46,
            35,
            23,
            48,
            48,
            35,
            11,
            16,
            33,
            28,
            11,
            35,
            5,
            26,
            11,
            42,
            31,
            16,
            12,
            41,
            32,
            34,
            47,
            1,
            46,
            33,
            30,
            35,
            11,
            17,
            1,
            35,
            11,
            37,
            26,
            49,
            6,
            36,
            3,
            0,
            48,
            3,
            11,
            26,
            28,
            37,
            38,
            21,
            42,
            7,
            9,
            24,
            9,
            11,
            37,
            38,
            11,
            15,
            6,
            35,
            22,
            7,
            18,
            33,
            29,
            45,
            14,
            24,
            35,
            26,
            15,
            3,
            33,
            14,
            40,
            39,
            47,
            24,
            26,
            17,
            1,
            33,
            17,
            17,
            5,
            28,
            48,
            29,
            9,
            35,
            4,
            23,
            11,
            18,
            11,
            46,
            11,
            39,
            4,
            8,
            2,
            11,
            45,
            6,
            5,
            15,
            43,
            34,
            5,
            37,
            14,
            5,
            38,
            9,
            1,
            28,
            31,
            30,
            34,
            31,
            35,
            47,
            30,
            36,
            10,
            6,
            33,
            11,
            3,
            0,
            43,
            31,
            35,
            1,
            15,
            27,
            14,
            31,
            21,
            24,
            43,
            10,
            44,
            3,
            34,
            17,
            41,
            11,
            35,
            29,
            11,
            14,
            9,
            18,
            39,
            35,
            45,
            25,
            18,
            48,
            9,
            46,
            47,
            2,
            22,
            46,
            9,
            11,
            14,
            43,
            37,
            3,
            24,
            37,
            29,
            49,
            33,
            38,
            3,
            38,
            44,
            15,
            43,
            5,
            18,
            26,
            40,
            49,
            9,
            34,
            11,
            41,
            8,
            3,
            34,
            5,
            9,
            29,
            25,
            42,
            6,
            9,
            15,
            23,
            16,
            32,
            47,
            1,
            11,
            33,
            10,
            41,
            35,
            40,
