{
    "metrics": {
        "acc": 0.12125,
        "ari": 0.0011254815742579528,
        "nmi": 0.3149915075699637,
        "silhouette": 0.25161030888557434,
        "clusters": [
            3,
            27,
            31,
            12,
            20,
            39,
            44,
            47,
            1,
            16,
            14,
            22,
            29,
            11,
            17,
            8,
            1,
            11,
            49,
            16,
            8,
            17,
            28,
            25,
            15,
            49,
            9,
            36,
            0,
            5,
            3,
            38,
            31,
            8,
            0,
            28,
            27,
            32,
            26,
            37,
            11,
            39,
            40,
            31,
            42,
            26,
            45,
            28,
            36,
            4,
            21,
            49,
            29,
            42,
            1,
            6,
            9,
            12,
            3,
            35,
            48,
            10,
            14,
            27,
            43,
            17,
            48,
            1,
            39,
            11,
            39,
            1,
            12,
            38,
            1,
            31,
            0,
            37,
            2,
            39,
            41,
            10,
            7,
            30,
            6,
            28,
            49,
            18,
            49,
            27,
            18,
            45,
            47,
            20,
            17,
            46,
            22,
            34,
            41,
            39,
            3,
            17,
            43,
            1,
            48,
            2,
            1,
            27,
            10,
            32,
            48,
            7,
            26,
            31,
            30,
            1,
            24,
            35,
            26,
            23,
            31,
            31,
            19,
            10,
            9,
            15,
            45,
            49,
            31,
            32,
            46,
            21,
            34,
            5,
            49,
            21,
            14,
            25,
            23,
            45,
            1,
            11,
            0,
            40,
            13,
            11,
            37,
            22,
            25,
            14,
            3,
            6,
            9,
            44,
            40,
            38,
            48,
            10,
            46,
            0,
            24,
            40,
            4,
            47,
            23,
            0,
            25,
            0,
            12,
            39,
            49,
            17,
            3,
            25,
            25,
            31,
            38,
            37,
            24,
            32,
            39,
            11,
            32,
            3,
            17,
            25,
            32,
            14,
            3,
            48,
            43,
            22,
            47,
            42,
            41,
            18,
            7,
            33,
            32,
            46,
            12,
            9,
            16,
            23,
            31,
            24,
            43,
            12,
            17,
            11,
            8,
            23,
            14,
            28,
            7,
            7,
            36,
            23,
            35,
            15,
            26,
            27,
            0,
            40,
            28,
            27,
            39,
            6,
            18,
            30,
            37,
            36,
            24,
            29,
            31,
            38,
            6,
            3,
            2,
            24,
            3,
            28,
            35,
            44,
            22,
            12,
            46,
            18,
            28,
            39,
            21,
            21,
            15,
            42,
            27,
            34,
            28,
            42,
            1,
            5,
            42,
            18,
            26,
            39,
            38,
            26,
            8,
            15,
            5,
            28,
            10,
            26,
            32,
            22,
            13,
            8,
            6,
            36,
            43,
            21,
            16,
            35,
            41,
            13,
            49,
            38,
            34,
            21,
            45,
            27,
            11,
            6,
            7,
            14,
            14,
            3,
            2,
            11,
            49,
            22,
            43,
            46,
            12,
            18,
            18,
            5,
            17,
            45,
            1,
            16,
            45,
            21,
            11,
            1,
            35,
            48,
            20,
            36,
            15,
            23,
            41,
            48,
            26,
            9,
            19,
            17,
            34,
            27,
            3,
            32,
            16,
            15,
            26,
            1,
            0,
            30,
            47,
            3,
            32,
            34,
            7,
            31,
            25,
            7,
            35,
            6,
            41,
            43,
            25,
            39,
            2,
            16,
            2,
            31,
            46,
            6,
            23,
            13,
            32,
            45,
            14,
            22,
            43,
            14,
            34,
            12,
            35,
            34,
            29,
            49,
            44,
            44,
            48,
            13,
            7,
            26,
            35,
            30,
            27,
            38,
            27,
            14,
            10,
            26,
            31,
            13,
            36,
            49,
            44,
            12,
            3,
            35,
            6,
            33,
            16,
            1,
            5,
            47,
            15,
            36,
            30,
            8,
            34,
            29,
            23,
            38,
            36,
            16,
            21,
            36,
            22,
            32,
            5,
            48,
            12,
            47,
            41,
            48,
            41,
            13,
            34,
            48,
            8,
            37,
            0,
            37,
            33,
            9,
            22,
            15,
            5,
            0,
            19,
            40,
            12,
            38,
            42,
            31,
            16,
            39,
            47,
            29,
            33,
            3,
            0,
            14,
            49,
            0,
            31,
            41,
            0,
            12,
            1,
            7,
            47,
            31,
            14,
            3,
            26,
            18,
            25,
            22,
            12,
            8,
            15,
            22,
            24,
            21,
            44,
            11,
            45,
            8,
            44,
            34,
            16,
            49,
            38,
            36,
            42,
            13,
            12,
            12,
            21,
            4,
            17,
            28,
            16,
            37,
            27,
            1,
            34,
            11,
            31,
            5,
            49,
