{
    "metrics": {
        "acc": 0.11625,
        "ari": -0.0013245348067959033,
        "nmi": 0.30338710126744,
        "silhouette": 0.1549408733844757,
        "clusters": [
            20,
            35,
            25,
            24,
            35,
            31,
            1,
            30,
            0,
            7,
            15,
            1,
            8,
            18,
            21,
            30,
            26,
            27,
            44,
            18,
            4,
            3,
            27,
            38,
            30,
            12,
            42,
            30,
            46,
            3,
            36,
            38,
            37,
            47,
            24,
            18,
            37,
            34,
            46,
            4,
            16,
            13,
            21,
            36,
            7,
            36,
            33,
            42,
            19,
            30,
            47,
            3,
            18,
            4,
            1,
            28,
            32,
            29,
            3,
            19,
            4,
            1,
            21,
            1,
            49,
            35,
            1,
            8,
            45,
            0,
            43,
            22,
            6,
            47,
            18,
            8,
            1,
            35,
            19,
            19,
            47,
            26,
            1,
            31,
            16,
            0,
            33,
            0,
            44,
            39,
            7,
            1,
            0,
            49,
            4,
            33,
            16,
            45,
            45,
            29,
            24,
            37,
            47,
            8,
            21,
            15,
            19,
            11,
            45,
            48,
            49,
            8,
            7,
            35,
            28,
            46,
            14,
            18,
            24,
            7,
            4,
            46,
            22,
            41,
            23,
            18,
            18,
            46,
            36,
            44,
            24,
            17,
            48,
            24,
            47,
            35,
            42,
            7,
            16,
            38,
            31,
            38,
            7,
            35,
            36,
            10,
            0,
            38,
            2,
            38,
            45,
            18,
            37,
            20,
            11,
            0,
            38,
            26,
            45,
            26,
            1,
            8,
            18,
            35,
            20,
            45,
            49,
            4,
            14,
            43,
            35,
            8,
            23,
            48,
            47,
            4,
            34,
            7,
            4,
            47,
            34,
            44,
            18,
            19,
            22,
            23,
            8,
            47,
            29,
            0,
            47,
            43,
            48,
            23,
            35,
            45,
            7,
            35,
            8,
            15,
            10,
            6,
            32,
            26,
            32,
            44,
            7,
            27,
            9,
            20,
            2,
            0,
            23,
            14,
            28,
            45,
            49,
            12,
            26,
            32,
            3,
            45,
            27,
            32,
            25,
            4,
            35,
            34,
            47,
            31,
            38,
            32,
            34,
            8,
            7,
            46,
            1,
            48,
            20,
            27,
            44,
            28,
            46,
            42,
            38,
            39,
            40,
            44,
            30,
            24,
            33,
            11,
            0,
            32,
            41,
            8,
            2,
            4,
            11,
            35,
            28,
            24,
            15,
            35,
            39,
            4,
            25,
            31,
            27,
            14,
            46,
            6,
            32,
            40,
            7,
            45,
            30,
            29,
            8,
            2,
            10,
            14,
            11,
            27,
            9,
            32,
            9,
            49,
            14,
            1,
            9,
            17,
            17,
            41,
            47,
            8,
            18,
            26,
            27,
            41,
            23,
            0,
            31,
            48,
            10,
            47,
            1,
            40,
            35,
            4,
            30,
            26,
            47,
            30,
            7,
            11,
            22,
            14,
            32,
            49,
            49,
            28,
            48,
            37,
            1,
            44,
            13,
            35,
            28,
            13,
            2,
            4,
            24,
            48,
            36,
            36,
            13,
            11,
            36,
            49,
            39,
            14,
            35,
            38,
            41,
            27,
            4,
            12,
            26,
            17,
            14,
            16,
            26,
            28,
            20,
            20,
            20,
            35,
            20,
            27,
            27,
            47,
            30,
            18,
            21,
            15,
            40,
            18,
            7,
            15,
            44,
            1,
            38,
            19,
            18,
            37,
            28,
            16,
            16,
            8,
            20,
            4,
            18,
            49,
            37,
            21,
            27,
            7,
            20,
            37,
            29,
            26,
            0,
            27,
            27,
            16,
            46,
            2,
            23,
            7,
            40,
            6,
            7,
            38,
            4,
            12,
            36,
            2,
            9,
            41,
            29,
            18,
            35,
            27,
            27,
            33,
            0,
            28,
            16,
            42,
            14,
            22,
            35,
            49,
            47,
            9,
            11,
            42,
            9,
            20,
            17,
            45,
            10,
            37,
            21,
            32,
            1,
            43,
            25,
            7,
            4,
            23,
            24,
            24,
            48,
            7,
            23,
            47,
            48,
            38,
            32,
            1,
            46,
            42,
            43,
            27,
            38,
            15,
            28,
            46,
            41,
            6,
            25,
            0,
            17,
            18,
            22,
            30,
            46,
            4,
            38,
            18,
            26,
            37,
            37,
            29,
            37,
            31,
            1,
            22,
            9,
            22,
            33,
            35,
            31,
            27,
            15,
            33,
            46,
            4,
            32,
            46,
            8,
            26,
            27,
