{
    "metrics": {
        "acc": 0.11375,
        "ari": -0.00024368014357149272,
        "nmi": 0.2958203483430738,
        "silhouette": 0.1465950906276703,
        "clusters": [
            10,
            29,
            26,
            28,
            0,
            7,
            30,
            42,
            7,
            30,
            25,
            47,
            14,
            43,
            46,
            0,
            36,
            17,
            45,
            22,
            8,
            13,
            0,
            28,
            36,
            46,
            41,
            31,
            28,
            18,
            28,
            17,
            21,
            14,
            3,
            43,
            49,
            45,
            3,
            24,
            21,
            18,
            22,
            28,
            0,
            7,
            17,
            22,
            11,
            48,
            0,
            28,
            47,
            43,
            17,
            27,
            49,
            1,
            45,
            49,
            4,
            22,
            34,
            17,
            5,
            35,
            24,
            22,
            39,
            5,
            47,
            0,
            26,
            7,
            31,
            46,
            34,
            47,
            47,
            30,
            15,
            29,
            16,
            29,
            21,
            27,
            14,
            31,
            35,
            46,
            41,
            48,
            36,
            49,
            16,
            28,
            28,
            30,
            10,
            11,
            17,
            49,
            36,
            49,
            18,
            36,
            25,
            47,
            36,
            47,
            26,
            43,
            48,
            12,
            39,
            15,
            0,
            21,
            46,
            47,
            47,
            34,
            33,
            39,
            28,
            16,
            17,
            45,
            7,
            28,
            43,
            36,
            7,
            46,
            7,
            11,
            35,
            45,
            47,
            31,
            42,
            49,
            15,
            11,
            15,
            47,
            35,
            6,
            43,
            24,
            34,
            3,
            49,
            17,
            18,
            16,
            14,
            38,
            3,
            5,
            22,
            47,
            15,
            0,
            23,
            49,
            35,
            18,
            30,
            45,
            18,
            22,
            48,
            46,
            24,
            13,
            28,
            27,
            27,
            34,
            11,
            29,
            43,
            15,
            28,
            14,
            17,
            27,
            47,
            47,
            47,
            29,
            31,
            46,
            11,
            16,
            47,
            9,
            12,
            34,
            31,
            5,
            29,
            19,
            25,
            12,
            31,
            30,
            28,
            47,
            21,
            49,
            0,
            31,
            46,
            32,
            0,
            21,
            22,
            31,
            46,
            16,
            24,
            14,
            8,
            16,
            15,
            34,
            36,
            39,
            49,
            28,
            44,
            25,
            5,
            34,
            43,
            31,
            19,
            27,
            20,
            16,
            15,
            44,
            17,
            11,
            8,
            32,
            12,
            0,
            27,
            0,
            36,
            22,
            43,
            0,
            21,
            8,
            43,
            36,
            45,
            39,
            6,
            44,
            35,
            18,
            0,
            15,
            33,
            31,
            22,
            21,
            20,
            9,
            7,
            49,
            30,
            48,
            17,
            5,
            22,
            8,
            39,
            17,
            16,
            46,
            22,
            46,
            30,
            46,
            0,
            12,
            28,
            40,
            0,
            36,
            38,
            15,
            28,
            39,
            48,
            23,
            49,
            15,
            17,
            20,
            24,
            36,
            41,
            20,
            49,
            30,
            39,
            48,
            9,
            16,
            33,
            48,
            43,
            24,
            45,
            44,
            46,
            36,
            14,
            44,
            38,
            47,
            35,
            29,
            49,
            21,
            47,
            48,
            45,
            24,
            29,
            27,
            34,
            0,
            29,
            42,
            13,
            18,
            22,
            20,
            24,
            41,
            43,
            46,
            22,
            30,
            22,
            18,
            30,
            30,
            36,
            49,
            0,
            21,
            34,
            13,
            21,
            28,
            37,
            36,
            44,
            34,
            22,
            41,
            30,
            24,
            24,
            34,
            47,
            47,
            35,
            35,
            47,
            18,
            46,
            47,
            47,
            0,
            31,
            37,
            47,
            41,
            34,
            4,
            30,
            30,
            39,
            45,
            31,
            21,
            48,
            8,
            48,
            34,
            0,
            43,
            39,
            25,
            36,
            0,
            16,
            46,
            8,
            17,
            38,
            24,
            38,
            24,
            0,
            31,
            11,
            39,
            23,
            0,
            12,
            0,
            24,
            10,
            24,
            12,
            49,
            10,
            15,
            33,
            39,
            48,
            24,
            45,
            31,
            20,
            10,
            16,
            29,
            33,
            16,
            39,
            2,
            0,
            28,
            41,
            24,
            41,
            45,
            44,
            0,
            28,
            49,
            3,
            36,
            33,
            36,
            1,
            28,
            34,
            22,
            18,
            45,
            31,
            3,
            9,
            12,
            34,
            31,
            34,
            18,
            0,
            45,
            6,
            14,
            21,
            30,
            23,
            18,
            47,
            0,
            24,
            5,
            31,
            42,
            7,
            7,
            6,
            30,
            47,
            29,
            7,
            35,
