{
    "metrics": {
        "acc": 0.1225,
        "ari": -0.00028489667678374496,
        "nmi": 0.3001485272490647,
        "silhouette": 0.13901181519031525,
        "clusters": [
            21,
            3,
            23,
            21,
            6,
            41,
            18,
            24,
            43,
            28,
            33,
            20,
            45,
            3,
            42,
            39,
            17,
            40,
            42,
            45,
            0,
            22,
            37,
            2,
            10,
            35,
            2,
            21,
            46,
            37,
            6,
            47,
            9,
            12,
            34,
            6,
            34,
            41,
            24,
            25,
            8,
            1,
            35,
            35,
            39,
            21,
            21,
            34,
            30,
            41,
            35,
            6,
            18,
            42,
            34,
            45,
            11,
            11,
            15,
            24,
            16,
            5,
            40,
            38,
            5,
            3,
            20,
            5,
            11,
            3,
            31,
            30,
            33,
            26,
            19,
            18,
            37,
            1,
            24,
            40,
            2,
            44,
            16,
            42,
            40,
            27,
            1,
            1,
            30,
            28,
            3,
            37,
            1,
            0,
            43,
            6,
            16,
            6,
            46,
            22,
            49,
            26,
            10,
            6,
            16,
            45,
            20,
            21,
            47,
            38,
            42,
            47,
            12,
            42,
            49,
            6,
            29,
            15,
            41,
            27,
            1,
            16,
            13,
            16,
            11,
            20,
            20,
            17,
            35,
            6,
            48,
            25,
            38,
            46,
            21,
            3,
            16,
            42,
            23,
            3,
            19,
            14,
            15,
            20,
            16,
            18,
            26,
            3,
            8,
            3,
            20,
            2,
            40,
            36,
            23,
            2,
            33,
            22,
            1,
            37,
            24,
            26,
            33,
            6,
            37,
            45,
            12,
            20,
            10,
            1,
            16,
            26,
            23,
            21,
            49,
            18,
            10,
            0,
            17,
            47,
            12,
            49,
            16,
            2,
            6,
            17,
            16,
            44,
            6,
            3,
            14,
            40,
            32,
            22,
            36,
            28,
            43,
            12,
            0,
            16,
            39,
            2,
            11,
            38,
            46,
            4,
            10,
            1,
            38,
            49,
            20,
            42,
            49,
            48,
            8,
            27,
            44,
            19,
            36,
            7,
            17,
            33,
            10,
            12,
            16,
            23,
            20,
            41,
            23,
            9,
            21,
            41,
            27,
            15,
            36,
            47,
            9,
            10,
            30,
            0,
            40,
            6,
            21,
            21,
            19,
            6,
            11,
            10,
            46,
            24,
            33,
            8,
            32,
            2,
            36,
            45,
            20,
            0,
            2,
            13,
            40,
            24,
            45,
            49,
            26,
            33,
            11,
            21,
            27,
            24,
            17,
            29,
            32,
            30,
            3,
            29,
            1,
            1,
            38,
            1,
            16,
            33,
            3,
            29,
            3,
            25,
            17,
            2,
            42,
            36,
            5,
            25,
            33,
            28,
            21,
            32,
            5,
            21,
            29,
            37,
            33,
            21,
            43,
            20,
            10,
            38,
            35,
            40,
            16,
            15,
            33,
            29,
            37,
            38,
            6,
            31,
            40,
            32,
            21,
            34,
            34,
            21,
            21,
            13,
            3,
            46,
            6,
            44,
            19,
            1,
            2,
            41,
            27,
            20,
            12,
            44,
            45,
            33,
            15,
            49,
            6,
            1,
            20,
            26,
            10,
            39,
            20,
            38,
            30,
            40,
            39,
            28,
            6,
            27,
            22,
            33,
            0,
            36,
            31,
            39,
            21,
            1,
            23,
            35,
            1,
            39,
            32,
            1,
            47,
            3,
            20,
            49,
            11,
            3,
            47,
            44,
            43,
            28,
            47,
            20,
            33,
            17,
            19,
            17,
            33,
            22,
            10,
            42,
            32,
            21,
            23,
            46,
            23,
            39,
            13,
            10,
            30,
            43,
            43,
            25,
            21,
            32,
            0,
            6,
            12,
            47,
            47,
            0,
            16,
            7,
            13,
            25,
            3,
            18,
            21,
            10,
            42,
            21,
            6,
            33,
            49,
            37,
            12,
            28,
            14,
            6,
            45,
            6,
            41,
            30,
            39,
            22,
            3,
            33,
            6,
            17,
            47,
            43,
            5,
            44,
            32,
            45,
            6,
            43,
            22,
            2,
            30,
            19,
            39,
            27,
            19,
            31,
            22,
            13,
            29,
            30,
            34,
            39,
            23,
            16,
            21,
            12,
            20,
            20,
            32,
            41,
            37,
            6,
            37,
            3,
            45,
            37,
            10,
            31,
            13,
            38,
            24,
            1,
            37,
            41,
            4,
            31,
            46,
            9,
            22,
            27,
            6,
            45,
            13,
            20,
            30,
            46,
            12,
            42,
            37,
