{
    "metrics": {
        "acc": 0.12,
        "ari": -0.0006746182989279863,
        "nmi": 0.3059403142820047,
        "silhouette": 0.20619674026966095,
        "clusters": [
            43,
            43,
            36,
            30,
            9,
            16,
            19,
            27,
            0,
            43,
            1,
            4,
            10,
            0,
            45,
            39,
            7,
            5,
            18,
            19,
            5,
            2,
            45,
            5,
            27,
            9,
            24,
            28,
            46,
            17,
            9,
            10,
            3,
            20,
            16,
            27,
            16,
            30,
            18,
            20,
            31,
            27,
            15,
            42,
            13,
            1,
            42,
            31,
            9,
            28,
            12,
            48,
            25,
            25,
            27,
            1,
            46,
            46,
            11,
            5,
            34,
            24,
            32,
            36,
            16,
            3,
            4,
            3,
            4,
            38,
            27,
            33,
            35,
            36,
            31,
            29,
            1,
            43,
            25,
            10,
            21,
            40,
            29,
            13,
            35,
            29,
            39,
            40,
            36,
            19,
            18,
            47,
            41,
            26,
            15,
            14,
            23,
            15,
            30,
            24,
            40,
            17,
            16,
            47,
            14,
            45,
            18,
            10,
            1,
            13,
            29,
            1,
            23,
            15,
            43,
            16,
            3,
            29,
            37,
            40,
            25,
            7,
            16,
            36,
            23,
            20,
            7,
            47,
            21,
            32,
            46,
            31,
            25,
            1,
            45,
            19,
            40,
            22,
            35,
            5,
            24,
            27,
            14,
            36,
            27,
            41,
            35,
            30,
            24,
            0,
            45,
            37,
            1,
            35,
            8,
            13,
            46,
            36,
            31,
            39,
            15,
            35,
            14,
            41,
            21,
            13,
            22,
            20,
            22,
            7,
            0,
            33,
            47,
            15,
            30,
            35,
            19,
            2,
            11,
            9,
            43,
            11,
            10,
            31,
            32,
            29,
            47,
            28,
            35,
            10,
            18,
            47,
            10,
            25,
            44,
            11,
            18,
            4,
            2,
            10,
            15,
            38,
            30,
            36,
            18,
            18,
            38,
            27,
            15,
            39,
            43,
            30,
            1,
            35,
            33,
            26,
            46,
            38,
            46,
            36,
            1,
            37,
            9,
            28,
            5,
            6,
            16,
            37,
            9,
            44,
            15,
            34,
            1,
            30,
            28,
            1,
            30,
            10,
            44,
            2,
            35,
            3,
            38,
            39,
            1,
            36,
            9,
            6,
            8,
            48,
            32,
            10,
            4,
            8,
            1,
            28,
            19,
            20,
            47,
            43,
            48,
            44,
            9,
            29,
            32,
            32,
            18,
            34,
            42,
            32,
            28,
            0,
            26,
            19,
            25,
            36,
            4,
            45,
            38,
            32,
            19,
            14,
            3,
            15,
            12,
            36,
            9,
            11,
            6,
            34,
            10,
            33,
            18,
            20,
            1,
            31,
            2,
            36,
            18,
            37,
            31,
            29,
            22,
            19,
            36,
            27,
            14,
            25,
            32,
            33,
            30,
            48,
            45,
            3,
            48,
            30,
            23,
            24,
            34,
            1,
            5,
            10,
            2,
            4,
            45,
            17,
            4,
            31,
            40,
            28,
            31,
            5,
            44,
            22,
            1,
            19,
            14,
            15,
            15,
            7,
            19,
            32,
            29,
            20,
            30,
            14,
            18,
            13,
            30,
            28,
            8,
            14,
            9,
            32,
            41,
            33,
            2,
            46,
            33,
            18,
            34,
            28,
            33,
            3,
            45,
            32,
            21,
            34,
            27,
            4,
            4,
            36,
            32,
            18,
            28,
            29,
            30,
            40,
            32,
            37,
            7,
            23,
            10,
            4,
            12,
            12,
            43,
            48,
            39,
            1,
            34,
            36,
            39,
            38,
            21,
            40,
            24,
            36,
            32,
            27,
            39,
            44,
            35,
            18,
            3,
            48,
            24,
            16,
            11,
            4,
            35,
            18,
            42,
            25,
            24,
            40,
            22,
            31,
            3,
            18,
            29,
            29,
            14,
            2,
            43,
            47,
            30,
            37,
            30,
            40,
            21,
            23,
            20,
            28,
            14,
            35,
            4,
            10,
            21,
            18,
            41,
            18,
            8,
            46,
            7,
            8,
            16,
            18,
            40,
            18,
            44,
            32,
            35,
            14,
            14,
            6,
            1,
            30,
            8,
            45,
            26,
            3,
            36,
            38,
            1,
            46,
            14,
            22,
            29,
            9,
            25,
            1,
            23,
            15,
            20,
            6,
            13,
            44,
            26,
            44,
            46,
            4,
            5,
            33,
            7,
            45,
            25,
            26,
            41,
            35,
            31,
            20,
            29,
            25,
            35,
