{
  "acc": 0.3,
  "ari": -0.001441640597140042,
  "nmi": 0.6380763373701187,
  "silhouette": 0.023630674928426743
}