{
    "metrics": {
        "acc": 0.3,
        "ari": 0.010558194527992698,
        "nmi": 0.6431817695596239,
        "silhouette": 0.37700778245925903,
        "clusters": [
            31,
            15,
            6,
            35,
            24,
            5,
            16,
            27,
            4,
            31,
            37,
            33,
            44,
            33,
            15,
            36,
            34,
            1,
            34,
            33,
            20,
            38,
            21,
            32,
            17,
            33,
            36,
            30,
            42,
            21,
            32,
            24,
            45,
            21,
            37,
            38,
            18,
            27,
            21,
            40,
            9,
            35,
            32,
            22,
            28,
            41,
            36,
            43,
            34,
            42,
            24,
            30,
            37,
            33,
            23,
            40,
            45,
            21,
            25,
            0,
            14,
            35,
            15,
            33,
            37,
            42,
            11,
            33,
            7,
            3,
            19,
            20,
            0,
            17,
            38,
            16,
            1,
            36,
            23,
            29,
            28,
            42,
            27,
            29,
            46,
            30,
            26,
            31,
            44,
            7,
            32,
            38,
            28,
            21,
            34,
            26,
            14,
            1,
            16,
            31,
            17,
            8,
            44,
            22,
            13,
            2,
            24,
            13,
            44,
            40,
            18,
            32,
            24,
            1,
            7,
            45,
            46,
            13,
            31,
            33,
            19,
            36,
            27,
            7,
            38,
            27,
            37,
            23,
            7,
            25,
            28,
            30,
            1,
            29,
            21,
            37,
            35,
            12,
            37,
            38,
            20,
            39,
            19,
            25,
            7,
            22,
            45,
            11,
            10,
            28,
            26,
            40,
            40,
            26,
            7,
            19,
            24,
            1,
            39,
            32
        ]
    },
    "best_params": {
        "lambda_consensus": 0.2,
        "tag_tuner": 0.5
    },
    "device": "cpu",
    "timestamp": "2026-03-08 20:49:35"
}