{
    "epochs": "Not provided",
    "training_losses": "Not provided",
    "final_accuracy": "Not provided",
    "results": {
        "mode": "baseline",
        "training_losses": [
            0.06542336071530978,
            0.06477724139889081,
            0.06400936841964722,
            0.06205843513210615
        ],
        "metrics": {
            "acc": 0.375,
            "ari": -0.0084465025929202,
            "nmi": 0.693114612052374,
            "homogeneity": 0.7006559146067349,
            "completeness": 0.6857339179919136,
            "v_measure": 0.693114612052374,
            "silhouette": 0.3198941946029663,
            "clusters": [
                28,
                0,
                14,
                17,
                6,
                27,
                16,
                18,
                17,
                5,
                8,
                21,
                1,
                18,
                31,
                10,
                22,
                4,
                12,
                19,
                22,
                31,
                17,
                16,
                29,
                12,
                21,
                25,
                0,
                0,
                4,
                29,
                21,
                27,
                12,
                32,
                14,
                19,
                11,
                20,
                13,
                27,
                26,
                15,
                28,
                0,
                29,
                16,
                15,
                11,
                6,
                31,
                20,
                0,
                14,
                0,
                2,
                29,
                0,
                1,
                7,
                8,
                6,
                24,
                7,
                3,
                30,
                7,
                9,
                31,
                23,
                30,
                7,
                3,
                1,
                3,
                1,
                14,
                26,
                8
            ]
        }
    }
}