{
    "metrics": {
        "acc": 0.8037981042971497,
        "ari": 0.7617159150719968,
        "nmi": 0.8724517906896435,
        "silhouette": 0.18641848862171173
    },
    "mode": "kmeans",
    "n_clusters": 50,
    "n_samples": 29857,
    "n_classes": 50,
    "device": "cuda",
    "timestamp": "2026-03-21 02:46:36"
}