{
  "acc": 0.3,
  "ari": -0.0050367219167636555,
  "nmi": 0.6266291640513565,
  "silhouette": 0.11122794449329376
}