{
  "acc": 0.28125,
  "ari": 0.002350823212716241,
  "nmi": 0.5964777554006019,
  "silhouette": 0.21816310286521912
}