{
    "epochs": "Not provided",
    "training_losses": "Not provided",
    "final_accuracy": "Not provided",
    "results": {
        "mode": "cae",
        "training_losses": [
            0.40991414586702984,
            0.40238062540690106,
            0.37121134003003436,
            0.3212819794813792,
            0.30624066789944965,
            0.2951609492301941,
            0.29558531443277997,
            0.29944296677907306,
            0.2954026659329732,
            0.29649152358373004,
            0.29331355293591815,
            0.2934705317020416,
            0.2985352675120036,
            0.2943202058474223,
            0.29585980375607807,
            0.29311052958170575
        ],
        "metrics": {
            "acc": 0.4,
            "ari": -0.003262332605835697,
            "nmi": 0.7140483554933823,
            "homogeneity": 0.7038391792594603,
            "completeness": 0.7245580587486865,
            "v_measure": 0.7140483554933822,
            "silhouette": 0.3951798975467682,
            "clusters": [
                14,
                23,
                2,
                18,
                17,
                12,
                32,
                11,
                15,
                29,
                23,
                12,
                2,
                19,
                34,
                9,
                20,
                17,
                12,
                20,
                21,
                3,
                1,
                4,
                13,
                3,
                7,
                11,
                1,
                20,
                14,
                30,
                3,
                31,
                33,
                5,
                6,
                6,
                14,
                1,
                16,
                3,
                0,
                8,
                11,
                1,
                25,
                0,
                7,
                7,
                28,
                20,
                3,
                0,
                7,
                26,
                27,
                19,
                22,
                17,
                20,
                12,
                33,
                17,
                12,
                10,
                19,
                5,
                21,
                20,
                26,
                24,
                15,
                17,
                5,
                12,
                7,
                33,
                1,
                33
            ]
        }
    },
    "final_acc": 0.4,
    "final_nmi": 0.7140483554933823,
    "final_silhouette": 0.3951798975467682
}