{
  "acc": 0.2875,
  "ari": -0.014895815059548175,
  "nmi": 0.6169471355854843,
  "silhouette": 0.2528316080570221
}