{
  "acc": 0.0376126201560773,
  "ari": -5.391179245840593e-05,
  "nmi": 0.011755312546358634,
  "silhouette": 0.04722541570663452
}