{
    "epochs": "Not provided",
    "training_losses": "Not provided",
    "final_accuracy": "Not provided",
    "results": {
        "mode": "cae",
        "training_losses": [
            0.37324364980061847,
            -0.09905579934517543,
            -2.022799472014109,
            -8.958747545878092
        ],
        "metrics": {
            "acc": 0.4375,
            "ari": 0.02170370853157792,
            "nmi": 0.7678513158663206,
            "homogeneity": 0.7709973489683132,
            "completeness": 0.7647308530256209,
            "v_measure": 0.7678513158663205,
            "silhouette": 0.49214687943458557,
            "clusters": [
                1,
                8,
                34,
                10,
                9,
                36,
                11,
                38,
                7,
                25,
                21,
                18,
                1,
                19,
                25,
                6,
                20,
                26,
                19,
                27,
                4,
                30,
                33,
                24,
                34,
                10,
                12,
                27,
                3,
                5,
                9,
                32,
                13,
                32,
                22,
                5,
                24,
                23,
                17,
                1,
                14,
                2,
                31,
                15,
                13,
                12,
                7,
                16,
                35,
                0,
                30,
                12,
                29,
                0,
                17,
                15,
                33,
                24,
                28,
                5,
                23,
                21,
                22,
                21,
                18,
                5,
                37,
                0,
                33,
                35,
                12,
                30,
                15,
                29,
                24,
                7,
                24,
                18,
                7,
                12
            ]
        }
    }
}