{
    "metrics": {
        "acc": 0.2875,
        "ari": -0.002372642952013876,
        "nmi": 0.622309722937021,
        "silhouette": 0.20139209926128387,
        "clusters": [
            33,
            43,
            11,
            41,
            35,
            4,
            31,
            4,
            41,
            9,
            33,
            14,
            26,
            1,
            28,
            10,
            38,
            15,
            1,
            4,
            39,
            13,
            43,
            36,
            14,
            33,
            0,
            25,
            19,
            14,
            40,
            16,
            38,
            42,
            19,
            29,
            6,
            24,
            10,
            5,
            26,
            38,
            17,
            3,
            11,
            7,
            43,
            40,
            23,
            31,
            28,
            19,
            2,
            7,
            13,
            20,
            10,
            35,
            5,
            36,
            9,
            6,
            21,
            33,
            25,
            2,
            2,
            14,
            5,
            30,
            25,
            28,
            0,
            11,
            20,
            10,
            23,
            5,
            17,
            30,
            42,
            8,
            4,
            7,
            16,
            2,
            4,
            40,
            28,
            12,
            10,
            43,
            21,
            6,
            27,
            5,
            32,
            10,
            20,
            34,
            32,
            29,
            22,
            12,
            38,
            36,
            37,
            3,
            19,
            18,
            1,
            15,
            37,
            10,
            28,
            33,
            36,
            35,
            38,
            22,
            7,
            21,
            11,
            3,
            19,
            4,
            21,
            30,
            24,
            9,
            26,
            25,
            9,
            2,
            11,
            5,
            1,
            21,
            34,
            4,
            4,
            37,
            30,
            24,
            2,
            24,
            9,
            27,
            18,
            7,
            6,
            7,
            2,
            29,
            0,
            7,
            19,
            2,
            2,
            34
        ]
    },
    "best_params": {
        "lambda_consensus": 0.2,
        "tag_tuner": 0.5
    },
    "device": "cpu",
    "timestamp": "2025-11-02 22:00:56"
}