{
  "acc": 0.033359011287135344,
  "ari": -6.92968649350044e-05,
  "nmi": 0.010595490727863876,
  "silhouette": 0.03141830489039421
}