{
    "epochs": "Not provided",
    "training_losses": "Not provided",
    "final_accuracy": "Not provided",
    "results": {
        "mode": "concat",
        "training_losses": [
            0.05946796014904976,
            0.058670151978731155,
            0.05875437085827192,
            0.05885618428389231
        ],
        "metrics": {
            "acc": 1.0,
            "ari": 1.0,
            "nmi": 1.0,
            "homogeneity": 1.0,
            "completeness": 1.0,
            "v_measure": 1.0,
            "silhouette": 0.8199830937766579,
            "clusters": [
                2,
                3,
                30,
                25,
                3,
                9,
                3,
                29,
                16,
                3,
                19,
                6,
                15,
                18,
                20,
                32,
                16,
                10,
                35,
                10,
                13,
                13,
                20,
                2,
                20,
                4,
                8,
                10,
                0,
                0,
                12,
                5,
                2,
                17,
                21,
                0,
                11,
                11,
                27,
                23,
                5,
                5,
                7,
                29,
                24,
                16,
                10,
                34,
                7,
                9,
                6,
                0,
                17,
                28,
                33,
                5,
                8,
                15,
                15,
                9,
                6,
                19,
                8,
                7,
                13,
                11,
                23,
                5,
                25,
                14,
                18,
                22,
                26,
                14,
                3,
                1,
                31,
                0,
                0,
                22
            ]
        }
    }
}